generation,# of moves until defeat playing first against minimax,# of moves until defeat playing second against minimax
2,19,10
3,19,10
4,19,10
5,15,16
6,15,16
7,15,16
8,15,16
9,15,16
10,15,16
11,15,16
12,17,10
13,13,12
14,13,12
15,13,12
16,13,12
17,21,10
18,21,10
19,21,10
20,21,10
21,21,10
22,21,10
23,21,10
24,21,10
25,21,10
26,21,10
27,21,10
28,21,10
29,21,10
30,21,10
31,21,10
32,21,10
33,21,10
34,21,10
35,21,10
36,21,10
37,21,10
38,15,16
39,15,16
40,15,16
41,15,16
42,15,16
43,15,16
44,15,16
45,15,16
46,15,16
47,15,16
48,15,16
49,15,16
50,15,16
51,15,16
52,15,16
53,15,16
54,15,16
55,15,16
56,15,16
57,15,16
58,15,16
59,15,16
60,15,16
61,15,16
62,15,16
63,15,16
64,15,16
65,15,16
66,15,16
67,15,16
68,15,16
69,15,16
70,15,16
71,15,16
72,15,16
73,15,16
74,15,16
75,15,16
76,15,16
77,15,16
78,15,16
79,15,16
80,15,16
81,15,16
82,15,16
83,15,16
84,15,16
85,15,16
86,15,16
87,15,16
88,15,16
89,15,16
90,15,16
91,15,16
92,15,16
93,15,16
94,15,16
95,15,16
96,15,16
97,15,16
98,15,16
99,15,16
100,15,16
101,15,16
102,15,16
103,15,16
104,15,16
105,15,16
106,15,16
107,15,16
108,15,16
109,15,16
110,15,16
111,15,16
112,15,16
113,15,16
114,15,16
115,15,16
116,15,16
117,15,16
118,15,16
119,15,16
120,15,16
121,15,16
122,15,16
123,15,16
124,15,16
125,15,16
126,15,16
127,15,16
128,15,16
129,15,16
130,15,16
131,15,16
132,15,16
133,15,16
134,15,16
135,15,16
136,15,16
137,15,16
138,15,16
139,15,16
140,15,16
141,23,16
142,23,16
143,23,16
144,23,16
145,23,16
146,23,16
147,23,16
148,23,16
149,23,16
150,23,16
151,23,16
152,23,16
153,23,16
154,23,16
155,23,16
156,23,16
157,23,16
158,23,16
159,23,16
160,23,16
161,23,16
162,23,16
163,23,16
164,23,16
165,23,16
166,23,16
167,23,16
168,23,16
169,23,16
170,23,16
171,23,16
172,23,16
173,23,16
174,23,16
175,23,16
176,23,16
177,23,16
178,23,16
179,23,16
180,13,18
181,13,18
182,13,18
183,13,18
184,13,18
185,13,18
186,13,18
187,25,24
188,13,18
189,25,24
190,13,18
191,25,24
192,13,18
193,25,24
194,13,18
195,25,24
196,13,18
197,25,24
198,13,18
199,25,24
200,13,18
201,25,24
202,13,18
203,25,24
204,13,18
205,25,24
206,13,18
207,25,24
208,13,18
209,25,24
210,13,18
211,25,24
212,13,18
213,25,24
214,13,18
215,25,24
216,13,18
217,25,24
218,13,18
219,25,24
220,13,18
221,25,24
222,13,18
223,25,24
224,13,18
225,25,24
226,13,18
227,25,24
228,13,18
229,25,24
230,13,18
231,25,24
232,13,18
233,25,24
234,13,18
235,25,24
236,13,18
237,25,24
238,13,18
239,25,24
240,13,18
241,25,24
242,13,18
243,25,24
244,13,18
245,25,24
246,13,18
247,25,24
248,13,18
249,25,24
250,13,18
251,25,24
252,13,18
253,25,24
254,13,18
255,25,24
256,13,18
257,25,24
258,13,18
259,25,24
260,13,18
261,25,24
262,13,18
263,25,24
264,13,18
265,25,24
266,11,10
267,11,10
268,11,10
269,11,10
270,11,10
271,11,10
272,11,10
273,11,10
274,11,10
275,11,10
276,11,10
277,11,10
278,11,10
279,11,10
280,11,10
281,11,10
282,17,14
283,17,14
284,17,14
285,17,14
286,17,14
287,17,14
288,17,14
289,17,14
290,17,14
291,17,14
292,17,14
293,17,14
294,17,14
295,17,14
296,17,14
297,17,14
298,17,14
299,17,14
300,17,14
301,17,14
302,17,14
303,17,14
304,17,14
305,17,14
306,17,14
307,17,14
308,17,14
309,17,14
310,17,14
311,17,14
312,17,14
313,17,14
314,17,14
315,17,14
316,17,14
317,17,14
318,17,14
319,17,14
320,17,14
321,17,14
322,17,14
323,17,14
324,17,14
325,17,14
326,17,14
327,17,14
328,17,14
329,17,14
330,17,14
331,17,14
332,17,14
333,17,14
334,17,14
335,17,14
336,17,14
337,17,14
338,17,14
339,17,14
340,17,14
341,17,14
342,17,14
343,17,14
344,17,14
345,17,14
346,17,14
347,17,14
348,17,14
349,17,14
350,17,14
351,17,14
352,17,14
353,17,14
354,17,14
355,17,14
356,17,14
357,17,14
358,17,14
359,17,14
360,17,14
361,17,14
362,17,14
363,17,14
364,17,14
365,17,14
366,23,12
367,23,12
368,23,12
369,23,12
370,23,12
371,23,12
372,23,12
373,23,12
374,23,12
375,23,12
376,23,12
377,23,12
378,23,12
379,23,12
380,23,12
381,23,12
382,23,12
383,23,12
384,23,12
385,23,12
386,23,12
387,23,12
388,23,12
389,23,12
390,23,12
391,23,12
392,23,12
393,23,12
394,23,12
395,23,12
396,23,12
397,23,12
398,23,12
399,23,12
400,23,12
401,23,12
402,23,12
403,23,12
404,23,12
405,23,12
406,23,12
407,23,12
408,23,12
409,23,12
410,23,12
411,23,12
412,23,12
413,23,12
414,23,12
415,23,12
416,23,12
417,23,12
418,23,12
419,23,12
420,23,12
421,23,12
422,23,12
423,23,12
424,23,12
425,23,12
426,23,12
427,23,12
428,23,12
429,23,12
430,23,12
431,23,12
432,23,12
433,23,12
434,23,12
435,23,12
436,23,12
437,23,12
438,23,12
439,23,12
440,23,12
441,23,12
442,23,12
443,23,12
444,23,12
445,23,12
446,23,12
447,23,12
448,23,12
449,23,12
450,23,12
451,23,12
452,23,12
453,23,12
454,23,12
455,23,12
456,23,12
457,23,12
458,23,12
459,23,12
460,23,12
461,23,12
462,23,12
463,23,12
464,23,12
465,23,12
466,23,12
467,23,12
468,23,12
469,23,12
470,23,12
471,23,12
472,23,12
473,23,12
474,23,12
475,23,12
476,23,12
477,23,12
478,23,12
479,23,12
480,23,12
481,23,12
482,23,12
483,23,12
484,23,12
485,23,12
486,23,12
487,23,12
488,23,12
489,23,12
490,23,12
491,23,12
492,23,12
493,23,12
494,23,12
495,23,12
496,23,12
497,23,12
498,23,12
499,23,12
500,23,12
501,23,12
502,23,12
503,23,12
504,23,12
505,23,12
506,23,12
507,23,12
508,23,12
509,23,12
510,23,12
511,23,12
512,23,12
513,23,12
514,23,12
515,23,12
516,23,12
517,23,12
518,23,12
519,23,12
520,23,12
521,23,12
522,23,12
523,23,12
524,23,12
525,23,12
526,23,12
527,23,12
528,23,12
529,23,12
530,23,12
531,23,12
532,23,12
533,23,12
534,23,12
535,23,12
536,23,12
537,23,12
538,23,12
539,23,12
540,23,12
541,23,12
542,23,12
543,23,12
544,23,12
545,23,12
546,23,12
547,23,12
548,23,12
549,23,12
550,23,12
551,23,12
552,23,12
553,23,12
554,23,12
555,23,12
556,23,12
557,23,12
558,23,12
559,23,12
560,23,12
561,23,12
562,23,12
563,23,12
564,23,12
565,23,12
566,23,12
567,23,12
568,23,12
569,23,12
570,23,12
571,23,12
572,23,12
573,23,12
574,23,12
575,23,12
576,23,12
577,23,12
578,23,12
579,23,12
580,23,12
581,23,12
582,23,12
583,23,12
584,23,12
585,23,12
586,23,12
587,23,12
588,23,12
589,23,12
590,23,12
591,23,12
592,23,12
593,23,12
594,23,12
595,23,12
596,23,12
597,23,12
598,23,12
599,23,12
600,23,12
601,23,12
602,23,12
603,23,12
604,23,12
605,23,12
606,23,12
607,23,12
608,23,12
609,23,12
610,23,12
611,23,12
612,23,12
613,23,12
614,23,12
615,23,12
616,23,12
617,23,12
618,23,12
619,23,12
620,23,12
621,23,12
622,23,12
623,23,12
624,23,12
625,23,12
626,23,12
627,23,12
628,23,12
629,23,12
630,23,12
631,23,12
632,23,12
633,23,12
634,23,12
635,23,12
636,19,10
637,19,10
638,19,10
639,19,10
640,19,10
641,19,10
642,19,10
643,19,10
644,19,10
645,19,10
646,19,10
647,19,10
648,15,16
649,15,16
650,15,16
651,15,16
652,15,16
653,15,16
654,15,16
655,15,16
656,15,16
657,15,16
658,15,16
659,15,16
660,15,16
661,15,16
662,15,16
663,15,16
664,15,16
665,15,16
666,15,16
667,15,16
668,15,16
669,15,16
670,15,16
671,15,16
672,15,16
673,15,16
674,15,16
675,15,16
676,21,18
677,15,16
678,21,18
679,15,16
680,21,18
681,15,16
682,21,18
683,15,16
684,21,18
685,15,16
686,21,18
687,15,16
688,21,18
689,15,16
690,21,18
691,15,16
692,21,18
693,15,16
694,21,18
695,15,16
696,21,18
697,15,16
698,21,18
699,15,16
700,21,18
701,15,16
702,21,18
703,15,16
704,21,18
705,15,16
706,21,18
707,15,16
708,21,18
709,15,16
710,21,18
711,15,16
712,21,18
713,15,16
714,21,18
715,15,16
716,21,18
717,15,16
718,21,18
719,15,16
720,21,18
721,15,16
722,21,18
723,15,16
724,21,18
725,15,16
726,21,18
727,15,16
728,21,18
729,15,16
730,21,18
731,15,16
732,21,18
733,15,16
734,21,18
735,19,22
736,19,22
737,19,22
738,19,22
739,19,22
740,19,22
741,19,22
742,19,22
743,19,22
744,19,22
745,19,22
746,19,22
747,19,22
748,19,22
749,19,22
750,19,22
751,19,22
752,19,22
753,19,22
754,19,22
755,19,22
756,19,22
757,19,22
758,19,22
759,19,22
760,19,22
761,19,22
762,19,22
763,19,22
764,19,22
765,19,22
766,19,22
767,19,22
768,19,22
769,19,22
770,19,22
771,19,22
772,19,22
773,19,22
774,19,22
775,19,22
776,19,22
777,19,22
778,19,22
779,19,22
780,19,22
781,19,22
782,19,22
783,19,22
784,19,22
785,19,22
786,19,22
787,19,22
788,19,22
789,19,22
790,19,22
791,19,22
792,19,22
793,19,22
794,19,22
795,19,22
796,19,22
797,19,22
798,19,22
799,19,22
800,19,22
801,19,22
802,19,22
803,19,22
804,19,22
805,19,22
806,19,22
807,19,22
808,19,22
809,19,22
810,19,22
811,19,22
812,19,22
813,19,22
814,19,22
815,19,22
816,19,22
817,19,22
818,19,22
819,19,22
820,19,22
821,19,22
822,19,22
823,19,22
824,19,22
825,19,22
826,19,22
827,19,22
828,19,22
829,19,22
830,19,22
831,19,22
832,17,24
833,17,16
834,17,24
835,17,16
836,17,24
837,17,16
838,17,24
839,17,16
840,17,24
841,17,16
842,17,24
843,17,14
844,17,24
845,17,14
846,17,24
847,17,20
848,33,14
849,17,43
850,33,14
851,17,43
852,33,14
853,17,43
854,33,14
855,17,43
856,33,14
857,17,43
858,33,14
859,17,43
860,19,16
861,17,43
862,17,14
863,17,43
864,17,14
865,17,43
866,17,14
867,17,43
868,19,34
869,17,43
870,19,34
871,17,43
872,19,34
873,17,43
874,19,34
875,17,43
876,19,34
877,21,20
878,17,39*
879,21,20
880,17,39*
881,17,32
882,21,22
883,17,32
884,21,22
885,21,14
886,21,22
887,21,14
888,21,22
889,21,14
890,21,22
891,21,14
892,21,22
893,17,20
894,21,22
895,17,20
896,21,22
897,17,20
898,17,14
899,17,20
900,17,14
901,17,20
902,17,14
903,17,20
904,17,14
905,17,14
906,17,14
907,17,14
908,17,16
909,17,14
910,17,36
911,17,14
912,17,36
913,17,14
914,17,36
915,17,14
916,17,36
917,17,14
918,17,36
919,17,14
920,17,32
921,29,20
922,15,32
923,29,20
924,15,32
925,21,20
926,15,32
927,21,20
928,15,32
929,21,20
930,21,16
931,17,18
932,17,14
933,17,18
934,17,32
935,17,18
936,17,32
937,17,18
938,17,32
939,17,18
940,17,32
941,17,18
942,17,32
943,17,16
944,17,32
945,17,16
946,17,16
947,17,28
948,17,16
949,17,28
950,17,16
951,17,28
952,19,32
953,17,28
954,33,12
955,17,28
956,15,32
957,17,20
958,15,32
959,15,28
960,15,32
961,15,28
962,15,32
963,17,32
964,15,32
965,23,16
966,17,20
967,23,16
968,17,20
969,23,16
970,17,38
971,23,16
972,15,22
973,21,16
974,21,14
975,15,28
976,27,32
977,17,30
978,17,24
979,19,32
980,15,34
981,19,32
982,15,34
983,19,32
984,21,30
985,17,20
986,21,30
987,17,20
988,17,10
989,17,20
990,17,10
991,17,20
992,23,39*
993,17,16
994,23,39*
995,17,16
996,23,39*
997,17,16
998,17,43
999,17,18
1000,17,43
1001,17,18
1002,17,43
1003,17,18
1004,15,14
1005,15,18
1006,13,24
1007,25,20
1008,23,39*
1009,25,20
1010,23,39*
1011,25,20
1012,17,32
1013,17,16
1014,21,14
1015,17,14
1016,23,39*
1017,17,14
1018,17,20
1019,17,10
1020,15,22
1021,15,18
1022,15,30
1023,29,20
1024,15,32
1025,17,20
1026,15,30
1027,17,20
1028,19,18
1029,15,16
1030,17,32
1031,21,30
1032,23,39*
1033,21,30
1034,17,14
1035,17,22
1036,23,26
1037,19,20
1038,23,26
1039,17,20
1040,17,16
1041,27,20
1042,23,39*
1043,19,36
1044,25,14
1045,17,36
1046,17,22
1047,17,36
1048,29,30
1049,17,36
1050,17,16
1051,27,18
1052,19,22
1053,17,20
1054,15,26
1055,19,34
1056,29,30
1057,19,22
1058,21,30
1059,19,22
1060,21,30
1061,19,22
1062,21,30
1063,19,22
1064,21,30
1065,19,20
1066,15,34
1067,15,24
1068,21,20
1069,21,12
1070,17,20
1071,21,12
1072,17,20
1073,21,12
1074,17,32
1075,17,20
1076,17,32
1077,17,20
1078,21,14
1079,19,24
1080,19,28
1081,19,20
1082,19,28
1083,17,20
1084,21,14
1085,17,43
1086,17,32
1087,17,43
1088,19,30
1089,19,20
1090,19,30
1091,19,20
1092,19,30
1093,15,36
1094,23,36
1095,17,14
1096,17,32
1097,17,12
1098,17,32
1099,19,24
1100,17,20
1101,19,24
1102,19,14
1103,17,12
1104,19,14
1105,17,12
1106,19,14
1107,21,14
1108,17,28
1109,19,20
1110,17,32
1111,19,20
1112,17,32
1113,19,20
1114,17,32
1115,21,20
1116,15,32
1117,21,20
1118,15,32
1119,17,16
1120,15,32
1121,17,16
1122,21,22
1123,21,20
1124,21,20
1125,19,36
1126,15,16
1127,17,36
1128,15,16
1129,17,32
1130,15,32
1131,17,36
1132,15,32
1133,19,20
1134,15,32
1135,19,20
1136,15,32
1137,15,20
1138,27,34
1139,19,20
1140,27,34
1141,15,36
1142,15,32
1143,15,36
1144,15,32
1145,17,28
1146,21,22
1147,17,28
1148,21,22
1149,17,28
1150,17,24
1151,19,32
1152,41,32
1153,23,22
1154,21,22
1155,23,22
1156,15,14
1157,17,14
1158,19,22
1159,15,10
1160,17,39*
1161,17,16
1162,15,32
1163,19,28
1164,19,20
1165,21,20
1166,15,18
1167,17,16
1168,15,34
1169,21,20
1170,19,28
1171,19,30
1172,19,28
1173,17,32
1174,25,24
1175,17,32
1176,17,14
1177,17,22
1178,21,32
1179,23,20
1180,21,32
1181,23,20
1182,19,14
1183,17,10
1184,19,36
1185,23,32
1186,19,32
1187,23,36
1188,19,36
1189,17,14
1190,21,14
1191,15,34
1192,15,34
1193,19,43
1194,33,12
1195,27,28
1196,17,16
1197,21,14
1198,21,16
1199,27,28
1200,21,14
1201,17,28
1202,19,32
1203,19,26
1204,17,20
1205,19,26
1206,17,14
1207,19,24
1208,17,14
1209,19,24
1210,17,14
1211,19,24
1212,15,18
1213,23,32
1214,17,14
1215,23,32
1216,17,14
1217,23,32
1218,17,14
1219,21,16
1220,17,28
1221,17,26
1222,17,14
1223,33,32
1224,17,20
1225,33,32
1226,17,20
1227,33,32
1228,17,32
1229,17,26
1230,17,20
1231,15,26
1232,17,32
1233,15,26
1234,19,20
1235,29,14
1236,19,24
1237,17,10
1238,17,38
1239,21,18
1240,17,28
1241,27,18
1242,17,28
1243,17,34
1244,19,10
1245,19,10
1246,19,10
1247,19,10
1248,17,26
1249,27,18
1250,17,26
1251,27,18
1252,17,26
1253,21,28
1254,19,14
1255,27,18
1256,19,14
1257,27,18
1258,27,20
1259,15,34
1260,27,34
1261,21,43
1262,25,14
1263,17,14
1264,25,14
1265,19,18
1266,21,14
1267,17,14
1268,21,14
1269,17,14
1270,21,14
1271,17,14
1272,15,24
1273,15,14
1274,17,20
1275,23,36
1276,17,20
1277,15,34
1278,27,34
1279,15,16
1280,23,28
1281,17,26
1282,27,34
1283,17,26
1284,17,20
1285,21,22
1286,27,34
1287,17,14
1288,23,41*
1289,17,36
1290,19,14
1291,15,16
1292,17,26
1293,15,16
1294,17,26
1295,15,16
1296,17,39*
1297,17,16
1298,17,26
1299,17,16
1300,17,26
1301,17,16
1302,35,20
1303,21,14
1304,17,28
1305,17,28
1306,35,20
1307,17,28
1308,19,20
1309,21,22
1310,19,20
1311,21,18
1312,35,20
1313,21,18
1314,17,14
1315,27,28
1316,17,14
1317,27,16
1318,25,12
1319,19,34
1320,35,20
1321,17,16
1322,15,22
1323,17,28
1324,17,26
1325,17,16
1326,17,24
1327,17,41*
1328,17,24
1329,19,22
1330,17,20
1331,15,32
1332,23,14
1333,15,16
1334,15,28
1335,17,41*
1336,17,14
1337,17,41*
1338,17,14
1339,17,41*
1340,17,14
1341,19,28
1342,21,16
1343,19,28
1344,21,16
1345,19,28
1346,21,16
1347,17,20
1348,17,32
1349,17,20
1350,17,32
1351,27,20
1352,33,32
1353,17,16
1354,23,14
1355,17,32
1356,17,16
1357,21,32
1358,17,14
1359,21,32
1360,15,20
1361,17,32
1362,27,24
1363,19,43
1364,27,24
1365,19,43
1366,27,24
1367,38*,20
1368,15,20
1369,38*,20
1370,17,30
1371,17,39*
1372,15,20
1373,17,39*
1374,19,28
1375,19,43
1376,19,28
1377,15,20
1378,15,20
1379,15,20
1380,17,20
1381,17,20
1382,17,20
1383,17,22
1384,21,10
1385,15,20
1386,15,20
1387,17,36
1388,15,32
1389,15,20
1390,19,36
1391,17,22
1392,19,36
1393,17,22
1394,33,18
1395,17,20
1396,21,20
1397,15,22
1398,19,32
1399,17,20
1400,21,20
1401,27,36
1402,17,39*
1403,19,30
1404,33,18
1405,19,30
1406,19,30
1407,19,20
1408,17,32
1409,19,22
1410,23,22
1411,19,14
1412,17,34
1413,29,18
1414,39,38
1415,17,41*
1416,13,30
1417,19,28
1418,21,20
1419,33,16
1420,17,20
1421,21,16
1422,19,20
1423,17,10
1424,19,34
1425,17,32
1426,17,30
1427,17,20
1428,17,30
1429,15,30
1430,19,20
1431,17,20
1432,17,32
1433,21,14
1434,19,20
1435,19,32
1436,17,32
1437,21,14
1438,17,28
1439,25,22
1440,17,10
1441,33,36
1442,27,16
1443,25,32
1444,17,20
1445,19,34
1446,21,22
1447,19,34
1448,19,16
1449,27,16
1450,19,16
1451,31,41*
1452,19,16
1453,17,14
1454,17,20
1455,31,41*
1456,17,20
1457,17,10
1458,15,38
1459,21,16
1460,15,38
1461,23,32
1462,17,20
1463,23,32
1464,21,16
1465,17,34
1466,23,14
1467,21,16
1468,23,14
1469,15,10
1470,17,26
1471,25,28
1472,17,16
1473,38*,20
1474,29,18
1475,17,32
1476,23,30
1477,39,38
1478,21,20
1479,15,10
1480,17,34
1481,39,38
1482,38*,16
1483,17,14
1484,25,20
1485,17,32
1486,17,16
1487,38*,20
1488,17,16
1489,17,20
1490,25,20
1491,21,20
1492,27,20
1493,21,20
1494,23,14
1495,17,20
1496,17,30
1497,38*,20
1498,17,30
1499,17,18
1500,23,14
1501,23,24
1502,17,22
1503,21,14
1504,25,18
1505,15,32
1506,25,20
1507,23,36
1508,31,16
1509,17,14
1510,27,14
1511,17,14
1512,17,20
1513,27,16
1514,17,20
1515,17,16
1516,17,20
1517,17,16
1518,17,20
1519,17,18
1520,13,14
1521,17,16
1522,19,41*
1523,21,16
1524,19,41*
1525,21,22
1526,13,14
1527,21,22
1528,13,14
1529,29,14
1530,17,20
1531,29,14
1532,21,20
1533,15,10
1534,25,20
1535,21,16
1536,17,24
1537,31,41*
1538,21,18
1539,19,30
1540,19,28
1541,15,34
1542,19,28
1543,27,16
1544,19,34
1545,15,34
1546,19,34
1547,17,34
1548,19,28
1549,15,34
1550,17,30
1551,21,34
1552,17,30
1553,15,28
1554,19,24
1555,25,10
1556,17,24
1557,25,10
1558,17,24
1559,17,16
1560,21,20
1561,25,10
1562,21,20
1563,21,16
1564,17,32
1565,21,16
1566,17,32
1567,15,10
1568,19,30
1569,21,16
1570,31,22
1571,19,22
1572,31,22
1573,19,22
1574,31,22
1575,27,30
1576,19,30
1577,27,30
1578,19,30
1579,15,32
1580,15,18
1581,19,39*
1582,17,20
1583,19,39*
1584,21,18
1585,19,22
1586,17,16
1587,21,20
1588,21,18
1589,21,20
1590,27,26
1591,25,10
1592,27,36
1593,17,22
1594,15,20
1595,27,28
1596,15,20
1597,27,28
1598,19,16
1599,17,12
1600,19,14
1601,21,18
1602,15,20
1603,21,18
1604,15,20
1605,21,18
1606,15,20
1607,21,18
1608,15,20
1609,21,18
1610,15,20
1611,21,36
1612,15,14
1613,17,18
1614,17,28
1615,23,14
1616,19,28
1617,21,20
1618,27,22
1619,15,18
1620,19,28
1621,19,14
1622,25,14
1623,17,32
1624,27,26
1625,21,30
1626,21,18
1627,21,30
1628,21,18
1629,21,30
1630,17,20
1631,17,30
1632,17,30
1633,17,26
1634,17,20
1635,17,26
1636,17,20
1637,17,26
1638,19,20
1639,15,22
1640,17,38
1641,21,20
1642,19,20
1643,17,14
1644,17,20
1645,17,14
1646,17,30
1647,19,34
1648,17,22
1649,17,20
1650,15,22
1651,19,14
1652,15,24
1653,21,14
1654,17,34
1655,19,16
1656,15,24
1657,15,14
1658,15,20
1659,19,16
1660,15,20
1661,21,16
1662,21,20
1663,19,16
1664,17,14
1665,40*,32
1666,21,18
1667,40*,32
1668,21,18
1669,40*,32
1670,21,18
1671,27,14
1672,19,22
1673,19,22
1674,19,28
1675,19,41*
1676,17,41*
1677,21,20
1678,15,24
1679,19,14
1680,21,32
1681,21,20
1682,38*,18
1683,17,32
1684,15,16
1685,25,20
1686,25,16
1687,21,36
1688,21,32
1689,21,36
1690,17,43
1691,15,20
1692,21,32
1693,21,34
1694,15,18
1695,15,22
1696,19,34
1697,17,34
1698,21,16
1699,21,26
1700,21,16
1701,17,20
1702,15,24
1703,17,20
1704,19,28
1705,21,26
1706,19,28
1707,21,26
1708,19,24
1709,17,26
1710,19,28
1711,17,20
1712,19,20
1713,17,26
1714,17,14
1715,17,34
1716,15,28
1717,25,20
1718,15,28
1719,25,20
1720,15,10
1721,25,28
1722,17,24
1723,25,28
1724,17,24
1725,17,32
1726,15,28
1727,25,20
1728,17,20
1729,15,32
1730,19,20
1731,15,32
1732,19,20
1733,17,22
1734,19,20
1735,17,22
1736,17,20
1737,17,32
1738,17,14
1739,27,20
1740,17,18
1741,25,28
1742,19,32
1743,38*,30
1744,15,18
1745,19,34
1746,23,20
1747,17,32
1748,15,16
1749,15,18
1750,38*,16
1751,15,34
1752,15,16
1753,15,34
1754,19,10
1755,21,32
1756,15,18
1757,17,20
1758,15,18
1759,17,16
1760,15,20
1761,17,43
1762,19,34
1763,17,43
1764,19,26
1765,21,10
1766,23,14
1767,17,16
1768,27,20
1769,19,20
1770,27,20
1771,13,32
1772,17,28
1773,13,32
1774,23,32
1775,19,20
1776,25,14
1777,19,39*
1778,23,32
1779,15,18
1780,17,28
1781,27,30
1782,17,38
1783,19,39*
1784,17,38
1785,31,32
1786,17,28
1787,31,32
1788,21,14
1789,19,39*
1790,40*,18
1791,19,30
1792,40*,18
1793,17,32
1794,21,14
1795,17,14
1796,17,14
1797,17,34
1798,21,14
1799,17,26
1800,17,20
1801,19,30
1802,29,16
1803,17,14
1804,29,16
1805,13,16
1806,17,20
1807,13,16
1808,27,20
1809,17,28
1810,15,28
1811,17,28
1812,15,28
1813,17,28
1814,17,32
1815,19,28
1816,21,24
1817,17,22
1818,15,14
1819,40*,34
1820,15,20
1821,17,32
1822,15,28
1823,17,32
1824,15,28
1825,17,32
1826,19,36
1827,23,22
1828,17,20
1829,17,14
1830,40*,18
1831,31,14
1832,19,28
1833,31,14
1834,19,28
1835,31,14
1836,41,22
1837,29,18
1838,41,22
1839,29,18
1840,17,14
1841,17,14
1842,17,14
1843,19,20
1844,17,18
1845,15,24
1846,15,32
1847,17,14
1848,17,16
1849,15,20
1850,21,20
1851,21,20
1852,21,20
1853,21,20
1854,21,20
1855,19,20
1856,17,39*
1857,21,20
1858,17,39*
1859,17,14
1860,15,16
1861,17,14
1862,15,16
1863,17,14
1864,15,16
1865,21,14
1866,17,28
1867,25,28
1868,19,28
1869,21,14
1870,17,26
1871,25,28
1872,23,20
1873,25,28
1874,23,20
1875,25,28
1876,17,32
1877,17,16
1878,17,28
1879,19,30
1880,27,34
1881,23,20
1882,19,32
1883,17,14
1884,19,32
1885,25,22
1886,17,32
1887,17,14
1888,23,20
1889,17,14
1890,23,20
1891,25,22
1892,23,20
1893,25,22
1894,33,30
1895,21,20
1896,29,16
1897,17,14
1898,29,16
1899,15,22
1900,21,22
1901,17,16
1902,17,16
1903,31,14
1904,17,14
1905,17,16
1906,17,14
1907,17,22
1908,19,20
1909,17,22
1910,15,32
1911,15,10
1912,19,32
1913,23,20
1914,19,32
1915,17,14
1916,25,34
1917,33,39*
1918,33,30
1919,40*,34
1920,29,20
1921,23,32
1922,23,20
1923,19,14
1924,23,22
1925,17,28
1926,37,22
1927,17,14
1928,23,36
1929,17,28
1930,15,28
1931,40*,34
1932,33,18
1933,23,20
1934,33,18
1935,19,30
1936,19,34
1937,21,20
1938,17,20
1939,19,30
1940,17,20
1941,17,32
1942,19,30
1943,19,30
1944,19,30
1945,19,30
1946,23,22
1947,23,20
1948,23,22
1949,17,14
1950,21,20
1951,19,20
1952,17,14
1953,15,14
1954,21,22
1955,17,16
1956,29,30
1957,21,18
1958,19,32
1959,19,22
1960,19,32
1961,15,30
1962,27,20
1963,15,30
1964,17,14
1965,17,28
1966,21,20
1967,29,20
1968,17,30
1969,19,28
1970,15,22
1971,17,14
1972,23,20
1973,23,24
1974,39,38
1975,31,14
1976,21,32
1977,17,20
1978,21,22
1979,17,22
1980,21,32
1981,15,26
1982,21,16
1983,17,22
1984,29,26
1985,23,24
1986,29,26
1987,21,14
1988,25,16
1989,17,28
1990,21,16
1991,21,18
1992,21,22
1993,21,18
1994,19,18
1995,15,24
1996,15,34
1997,15,24
1998,17,20
1999,15,18
2000,15,28
2001,17,24
2002,15,32
2003,17,20
2004,15,32
2005,17,20
2006,15,32
2007,17,18
2008,41,22
2009,19,20
2010,27,30
2011,17,20
2012,17,32
2013,19,32
2014,17,32
2015,13,24
2016,27,30
2017,13,24
2018,27,30
2019,25,38
2020,19,20
2021,19,34
2022,29,26
2023,25,38
2024,29,26
2025,25,38
2026,29,26
2027,19,20
2028,19,28
2029,17,14
2030,27,20
2031,21,36
2032,19,24
2033,21,36
2034,23,28
2035,19,30
2036,23,28
2037,19,30
2038,23,28
2039,19,30
2040,23,28
2041,19,30
2042,23,28
2043,25,20
2044,19,24
2045,19,32
2046,17,22
2047,17,16
2048,15,28
2049,15,36
2050,17,34
2051,19,32
2052,19,34
2053,19,32
2054,19,34
2055,19,32
2056,19,34
2057,19,32
2058,19,34
2059,40*,34
2060,15,28
2061,40*,34
2062,15,28
2063,17,22
2064,31,18
2065,17,22
2066,19,32
2067,40*,34
2068,19,32
2069,40*,34
2070,17,18
2071,19,28
2072,17,28
2073,15,36
2074,19,32
2075,17,43
2076,17,14
2077,17,28
2078,21,43
2079,15,16
2080,17,20
2081,15,16
2082,17,18
2083,17,43
2084,15,16
2085,25,28
2086,37,20
2087,15,36
2088,37,20
2089,17,14
2090,15,16
2091,17,14
2092,15,16
2093,21,30
2094,17,20
2095,21,30
2096,17,20
2097,21,30
2098,17,28
2099,21,20
2100,17,18
2101,23,20
2102,29,14
2103,17,34
2104,19,38
2105,21,30
2106,19,20
2107,15,18
2108,17,22
2109,21,32
2110,15,32
2111,15,36
2112,15,32
2113,38*,34
2114,17,20
2115,19,20
2116,17,20
2117,19,20
2118,17,20
2119,19,20
2120,15,22
2121,17,32
2122,17,20
2123,17,32
2124,21,43
2125,19,10
2126,17,20
2127,15,14
2128,15,28
2129,15,14
2130,15,28
2131,15,14
2132,15,28
2133,15,14
2134,15,28
2135,15,14
2136,15,28
2137,17,22
2138,21,43
2139,21,36
2140,15,20
2141,17,22
2142,15,20
2143,17,22
2144,15,30
2145,19,26
2146,17,20
2147,27,28
2148,15,30
2149,27,28
2150,15,30
2151,27,28
2152,17,22
2153,17,20
2154,17,22
2155,17,20
2156,17,22
2157,17,20
2158,15,36
2159,19,20
2160,17,24
2161,19,28
2162,21,32
2163,19,32
2164,21,32
2165,19,32
2166,21,32
2167,15,32
2168,17,24
2169,15,32
2170,17,24
2171,15,32
2172,17,24
2173,15,32
2174,17,24
2175,15,32
2176,38*,38
2177,19,32
2178,15,28
2179,15,36
2180,15,28
2181,25,14
2182,15,28
2183,29,32
2184,21,22
2185,19,28
2186,17,39*
2187,29,20
2188,17,24
2189,29,20
2190,25,20
2191,21,34
2192,21,30
2193,19,20
2194,17,30
2195,25,38
2196,17,30
2197,27,18
2198,15,34
2199,27,18
2200,21,30
2201,27,18
2202,21,30
2203,27,18
2204,17,24
2205,31,10
2206,13,24
2207,13,24
2208,21,16
2209,19,32
2210,21,16
2211,13,32
2212,13,24
2213,21,20
2214,19,22
2215,15,16
2216,38*,16
2217,15,16
2218,38*,16
2219,19,22
2220,17,20
2221,15,18
2222,21,30
2223,21,20
2224,19,36
2225,15,18
2226,27,28
2227,19,32
2228,27,28
2229,19,32
2230,19,32
2231,17,24
2232,21,20
2233,15,14
2234,19,32
2235,15,14
2236,15,34
2237,17,32
2238,15,34
2239,21,14
2240,19,32
2241,17,28
2242,23,10
2243,21,14
2244,23,10
2245,19,32
2246,19,32
2247,19,32
2248,19,32
2249,19,14
2250,25,28
2251,17,14
2252,21,22
2253,17,14
2254,21,22
2255,21,16
2256,25,20
2257,21,36
2258,17,22
2259,17,41*
2260,17,24
2261,17,41*
2262,17,24
2263,19,16
2264,21,32
2265,19,16
2266,15,36
2267,29,26
2268,21,39*
2269,19,16
2270,21,39*
2271,17,14
2272,15,39*
2273,19,16
2274,39,32
2275,19,16
2276,39,32
2277,19,16
2278,39,32
2279,19,16
2280,39,32
2281,19,16
2282,39,32
2283,27,14
2284,25,20
2285,21,28
2286,23,34
2287,19,16
2288,23,34
2289,19,16
2290,23,34
2291,17,32
2292,23,18
2293,21,14
2294,17,30
2295,19,16
2296,17,14
2297,17,41*
2298,17,14
2299,31,14
2300,17,30
2301,31,14
2302,15,28
2303,17,41*
2304,15,28
2305,17,41*
2306,23,20
2307,21,16
2308,23,20
2309,21,16
2310,23,20
2311,17,24
2312,13,18
2313,17,20
2314,17,32
2315,19,20
2316,17,22
2317,23,30
2318,15,30
2319,19,32
2320,17,34
2321,17,20
2322,17,34
2323,15,32
2324,17,22
2325,17,14
2326,15,22
2327,17,10
2328,15,22
2329,17,10
2330,15,32
2331,17,18
2332,19,28
2333,19,14
2334,19,26
2335,19,32
2336,19,26
2337,19,32
2338,40*,14
2339,21,14
2340,19,28
2341,21,34
2342,15,32
2343,21,34
2344,15,32
2345,17,18
2346,17,16
2347,21,34
2348,17,16
2349,21,32
2350,29,28
2351,21,34
2352,29,28
2353,21,34
2354,29,28
2355,17,28
2356,15,22
2357,15,32
2358,17,43
2359,21,34
2360,17,43
2361,21,34
2362,21,38
2363,21,14
2364,21,38
2365,17,20
2366,17,16
2367,29,18
2368,29,24
2369,17,20
2370,21,28
2371,27,18
2372,17,22
2373,27,18
2374,17,22
2375,27,18
2376,17,14
2377,19,24
2378,15,38
2379,19,28
2380,17,28
2381,17,38
2382,17,28
2383,17,32
2384,29,22
2385,21,14
2386,21,18
2387,19,18
2388,21,18
2389,21,14
2390,40*,38
2391,17,18
2392,40*,38
2393,17,18
2394,17,32
2395,21,14
2396,40*,38
2397,17,41*
2398,17,39*
2399,21,34
2400,19,28
2401,15,20
2402,17,28
2403,17,34
2404,17,20
2405,21,14
2406,17,24
2407,15,14
2408,23,41*
2409,15,16
2410,21,18
2411,15,16
2412,21,16
2413,17,16
2414,17,20
2415,17,16
2416,17,20
2417,19,32
2418,17,16
2419,19,28
2420,21,24
2421,19,28
2422,21,24
2423,15,18
2424,19,14
2425,15,18
2426,21,14
2427,19,28
2428,21,14
2429,23,14
2430,19,14
2431,15,14
2432,19,22
2433,15,14
2434,21,28
2435,15,18
2436,21,20
2437,15,20
2438,19,32
2439,17,30
2440,21,20
2441,17,30
2442,31,16
2443,19,28
2444,15,18
2445,15,30
2446,17,32
2447,29,14
2448,19,30
2449,15,30
2450,19,30
2451,15,30
2452,19,30
2453,15,30
2454,19,28
2455,17,32
2456,19,28
2457,17,32
2458,15,18
2459,19,20
2460,17,41*
2461,27,28
2462,21,26
2463,17,10
2464,19,28
2465,17,10
2466,15,18
2467,17,20
2468,19,28
2469,17,20
2470,17,28
2471,27,28
2472,17,38
2473,19,28
2474,31,16
2475,15,14
2476,17,20
2477,15,18
2478,21,28
2479,15,18
2480,21,28
2481,15,18
2482,21,28
2483,15,18
2484,21,28
2485,15,18
2486,21,28
2487,15,18
2488,15,36
2489,15,30
2490,17,30
2491,15,20
2492,17,30
2493,15,20
2494,17,30
2495,15,20
2496,17,30
2497,21,32
2498,21,14
2499,15,20
2500,21,14
2501,15,20
2502,19,20
2503,21,18
2504,17,26
2505,17,34
2506,23,32
2507,15,20
2508,19,20
2509,15,20
2510,19,20
2511,15,20
2512,19,20
2513,27,28
2514,21,14
2515,17,34
2516,19,18
2517,17,18
2518,19,28
2519,17,18
2520,19,34
2521,17,20
2522,17,43
2523,33,18
2524,19,28
2525,21,32
2526,17,22
2527,19,22
2528,15,14
2529,17,22
2530,15,14
2531,15,16
2532,17,43
2533,15,16
2534,15,22
2535,17,16
2536,17,43
2537,17,16
2538,17,43
2539,17,16
2540,17,43
2541,21,18
2542,25,34
2543,21,18
2544,17,16
2545,17,16
2546,13,32
2547,17,24
2548,15,18
2549,25,28
2550,19,28
2551,19,41*
2552,25,34
2553,19,41*
2554,25,34
2555,15,30
2556,19,28
2557,15,30
2558,15,32
2559,17,32
2560,19,28
2561,17,32
2562,19,14
2563,15,39*
2564,21,14
2565,17,34
2566,15,16
2567,17,28
2568,17,14
2569,15,14
2570,17,14
2571,17,14
2572,29,36
2573,17,30
2574,19,22
2575,33,38
2576,15,20
2577,17,34
2578,17,20
2579,23,34
2580,15,18
2581,27,18
2582,15,18
2583,27,18
2584,15,18
2585,27,18
2586,15,18
2587,27,18
2588,15,18
2589,21,43
2590,15,34
2591,19,18
2592,17,20
2593,27,32
2594,15,20
2595,19,18
2596,15,10
2597,19,28
2598,21,14
2599,19,18
2600,15,10
2601,19,18
2602,33,28
2603,27,26
2604,15,20
2605,29,18
2606,19,28
2607,17,28
2608,17,20
2609,29,18
2610,15,28
2611,17,20
2612,15,34
2613,23,18
2614,17,22
2615,23,18
2616,15,34
2617,17,20
2618,17,22
2619,17,18
2620,15,28
2621,17,20
2622,17,20
2623,15,24
2624,17,16
2625,17,43
2626,17,20
2627,17,18
2628,19,22
2629,17,18
2630,19,22
2631,15,26
2632,19,39*
2633,15,32
2634,15,20
2635,19,22
2636,23,22
2637,29,16
2638,23,22
2639,29,16
2640,27,30
2641,19,26
2642,17,22
2643,17,34
2644,19,28
2645,17,34
2646,17,22
2647,19,26
2648,17,22
2649,19,26
2650,17,22
2651,25,14
2652,19,28
2653,25,14
2654,19,28
2655,19,18
2656,15,16
2657,19,22
2658,17,22
2659,25,14
2660,17,22
2661,19,32
2662,25,38
2663,21,16
2664,15,16
2665,21,16
2666,15,16
2667,27,32
2668,19,16
2669,27,32
2670,17,18
2671,15,43
2672,25,34
2673,17,32
2674,17,22
2675,17,32
2676,17,16
2677,17,14
2678,27,41*
2679,23,20
2680,19,14
2681,17,20
2682,17,22
2683,31,22
2684,29,18
2685,17,20
2686,29,18
2687,17,20
2688,15,36
2689,17,18
2690,17,18
2691,13,14
2692,15,36
2693,17,30
2694,17,30
2695,17,20
2696,21,16
2697,17,30
2698,21,16
2699,17,30
2700,21,16
2701,17,30
2702,29,30
2703,15,18
2704,21,16
2705,17,32
2706,29,18
2707,23,10
2708,25,14
2709,17,32
2710,17,34
2711,15,18
2712,17,10
2713,13,14
2714,19,18
2715,17,20
2716,21,14
2717,21,20
2718,19,18
2719,21,20
2720,15,14
2721,27,32
2722,19,14
2723,25,20
2724,13,14
2725,25,20
2726,17,16
2727,19,26
2728,17,20
2729,15,18
2730,15,18
2731,15,22
2732,17,38
2733,21,20
2734,17,20
2735,15,16
2736,13,14
2737,15,16
2738,17,32
2739,21,18
2740,17,32
2741,29,28
2742,17,38
2743,25,16
2744,17,34
2745,17,34
2746,17,34
2747,17,34
2748,21,22
2749,17,24
2750,17,34
2751,17,24
2752,15,18
2753,21,18
2754,15,18
2755,19,22
2756,23,18
2757,15,10
2758,17,10
2759,38*,18
2760,15,32
2761,17,32
2762,15,30
2763,17,39*
2764,15,20
2765,17,39*
2766,19,30
2767,15,16
2768,15,20
2769,27,34
2770,15,18
2771,17,34
2772,19,20
2773,17,34
2774,19,20
2775,17,34
2776,19,38
2777,27,34
2778,19,38
2779,19,20
2780,19,20
2781,19,20
2782,17,20
2783,21,18
2784,19,22
2785,19,28
2786,19,14
2787,17,32
2788,21,14
2789,21,18
2790,21,14
2791,21,18
2792,23,18
2793,19,39*
2794,21,14
2795,19,39*
2796,21,14
2797,19,28
2798,19,20
2799,19,38
2800,23,22
2801,19,28
2802,15,18
2803,31,32
2804,25,20
2805,15,32
2806,27,20
2807,35,22
2808,40*,28
2809,17,18
2810,17,38
2811,39,30
2812,39,30
2813,17,18
2814,39,30
2815,17,30
2816,19,18
2817,17,22
2818,19,32
2819,15,16
2820,25,10
2821,15,20
2822,19,32
2823,17,16
2824,25,18
2825,39,38
2826,17,22
2827,19,20
2828,13,30
2829,17,16
2830,21,32
2831,21,22
2832,13,30
2833,15,30
2834,19,32
2835,15,30
2836,21,43
2837,23,30
2838,19,32
2839,23,30
2840,21,34
2841,23,28
2842,17,39*
2843,23,30
2844,21,34
2845,23,30
2846,21,34
2847,17,16
2848,19,32
2849,19,18
2850,19,30
2851,17,14
2852,25,43
2853,13,14
2854,17,14
2855,13,14
2856,31,16
2857,15,32
2858,33,14
2859,17,16
2860,35,16
2861,17,14
2862,17,32
2863,25,16
2864,17,22
2865,17,14
2866,17,18
2867,29,30
2868,17,22
2869,29,30
2870,17,22
2871,29,30
2872,17,22
2873,33,32
2874,17,16
2875,21,24
2876,21,20
2877,17,38
2878,35,16
2879,23,18
2880,15,30
2881,33,16
2882,15,14
2883,33,32
2884,15,14
2885,17,20
2886,25,18
2887,17,20
2888,25,18
2889,17,20
2890,19,30
2891,17,16
2892,23,20
2893,23,30
2894,17,26
2895,21,22
2896,17,26
2897,17,14
2898,23,20
2899,15,28
2900,17,18
2901,17,30
2902,21,32
2903,17,30
2904,27,24
2905,19,16
2906,27,18
2907,23,16
2908,31,32
2909,39,38
2910,38*,26
2911,19,16
2912,17,10
2913,19,16
2914,23,28
2915,31,24
2916,21,28
2917,17,16
2918,17,22
2919,29,22
2920,23,10
2921,29,22
2922,21,14
2923,17,30
2924,19,28
2925,23,18
2926,15,28
2927,21,18
2928,15,28
2929,19,22
2930,21,22
2931,27,28
2932,17,20
2933,13,32
2934,38*,32
2935,38*,32
2936,25,32
2937,27,20
2938,21,14
2939,27,20
2940,15,20
2941,13,32
2942,15,20
2943,13,32
2944,21,38
2945,19,36
2946,17,18
2947,21,18
2948,29,18
2949,21,18
2950,19,18
2951,21,18
2952,19,18
2953,21,18
2954,17,34
2955,19,18
2956,19,22
2957,21,20
2958,15,16
2959,15,22
2960,17,22
2961,23,18
2962,19,22
2963,23,18
2964,19,22
2965,39,28
2966,19,18
2967,17,28
2968,21,38
2969,27,30
2970,15,20
2971,17,32
2972,19,36
2973,17,22
2974,17,30
2975,27,30
2976,17,30
2977,27,30
2978,17,22
2979,13,16
2980,17,30
2981,13,16
2982,17,30
2983,13,16
2984,17,28
2985,17,28
2986,17,28
2987,19,18
2988,17,16
2989,39,28
2990,15,32
2991,19,30
2992,15,32
2993,17,14
2994,17,18
2995,27,14
2996,17,30
2997,17,16
2998,19,36
2999,19,28
3000,23,10
3001,19,28
3002,17,20
3003,23,18
3004,17,20
3005,17,18
3006,17,22
3007,17,20
3008,41,30
3009,23,30
3010,21,28
3011,23,30
3012,17,18
3013,17,36
3014,17,18
3015,17,30
3016,21,28
3017,17,38
3018,17,28
3019,27,14
3020,23,16
3021,17,14
3022,19,38
3023,19,18
3024,17,16
3025,19,18
3026,21,18
3027,23,18
3028,21,18
3029,23,18
3030,17,14
3031,17,28
3032,15,32
3033,38*,32
3034,21,18
3035,38*,32
3036,17,14
3037,29,16
3038,21,18
3039,29,16
3040,25,34
3041,15,22
3042,23,18
3043,17,28
3044,23,18
3045,15,20
3046,21,18
3047,15,20
3048,21,18
3049,17,14
3050,17,16
3051,17,34
3052,17,14
3053,17,14
3054,19,14
3055,21,39*
3056,17,14
3057,19,30
3058,17,14
3059,19,30
3060,17,14
3061,19,30
3062,17,30
3063,19,24
3064,23,22
3065,17,41*
3066,23,22
3067,15,20
3068,23,22
3069,15,20
3070,23,22
3071,21,14
3072,15,32
3073,25,20
3074,17,20
3075,23,28
3076,15,30
3077,23,28
3078,15,30
3079,19,16
3080,17,18
3081,19,16
3082,27,14
3083,23,36
3084,17,18
3085,21,18
3086,25,28
3087,33,16
3088,19,16
3089,23,36
3090,19,16
3091,23,36
3092,15,20
3093,23,28
3094,40*,28
3095,19,16
3096,40*,28
3097,19,16
3098,23,30
3099,15,14
3100,19,16
3101,23,20
3102,15,16
3103,27,18
3104,15,16
3105,23,24
3106,21,18
3107,19,39*
3108,21,18
3109,31,32
3110,19,32
3111,27,18
3112,21,14
3113,15,18
3114,21,14
3115,15,18
3116,39,16
3117,19,38
3118,19,32
3119,19,38
3120,19,32
3121,17,28
3122,17,14
3123,17,43
3124,17,14
3125,25,22
3126,27,18
3127,17,18
3128,17,24
3129,23,34
3130,19,18
3131,13,18
3132,17,16
3133,13,18
3134,31,16
3135,23,34
3136,15,16
3137,19,14
3138,17,16
3139,19,14
3140,27,20
3141,19,43
3142,27,20
3143,19,43
3144,27,20
3145,15,30
3146,17,16
3147,19,28
3148,15,16
3149,19,16
3150,15,16
3151,21,16
3152,15,32
3153,17,34
3154,19,16
3155,17,26
3156,21,14
3157,17,26
3158,17,32
3159,17,34
3160,17,20
3161,17,36
3162,17,32
3163,17,36
3164,11,26
3165,21,16
3166,29,18
3167,17,18
3168,19,20
3169,27,14
3170,17,36
3171,15,32
3172,19,20
3173,15,32
3174,15,30
3175,17,24
3176,19,32
3177,17,18
3178,19,32
3179,17,18
3180,17,18
3181,19,32
3182,15,43
3183,21,20
3184,19,43
3185,17,20
3186,17,30
3187,21,22
3188,19,28
3189,21,22
3190,11,16
3191,25,16
3192,38*,18
3193,17,22
3194,23,22
3195,21,22
3196,19,28
3197,15,16
3198,11,26
3199,25,34
3200,19,10
3201,21,22
3202,19,10
3203,17,22
3204,17,30
3205,17,22
3206,17,10
3207,19,16
3208,21,28
3209,17,16
3210,21,43
3211,15,22
3212,17,10
3213,19,28
3214,17,10
3215,19,28
3216,25,20
3217,38*,32
3218,17,10
3219,15,32
3220,19,20
3221,27,38
3222,17,16
3223,15,32
3224,21,16
3225,11,14
3226,15,32
3227,38*,32
3228,17,28
3229,29,39*
3230,17,16
3231,17,30
3232,23,22
3233,21,24
3234,15,36
3235,19,28
3236,15,36
3237,31,35*
3238,17,28
3239,19,28
3240,17,28
3241,21,18
3242,15,32
3243,19,28
3244,15,22
3245,19,28
3246,15,22
3247,19,28
3248,15,22
3249,19,28
3250,15,28
3251,19,18
3252,23,28
3253,29,32
3254,13,10
3255,17,20
3256,17,28
3257,40*,34
3258,17,41*
3259,17,26
3260,13,14
3261,15,10
3262,17,22
3263,23,22
3264,11,26
3265,19,18
3266,17,22
3267,19,18
3268,17,22
3269,17,32
3270,15,16
3271,23,34
3272,17,28
3273,21,22
3274,19,38
3275,15,20
3276,17,41*
3277,25,18
3278,23,16
3279,15,32
3280,17,14
3281,15,32
3282,17,14
3283,35,24
3284,25,36
3285,15,32
3286,17,20
3287,17,16
3288,17,16
3289,17,32
3290,13,30
3291,15,34
3292,17,41*
3293,23,16
3294,15,16
3295,19,16
3296,17,41*
3297,21,18
3298,17,20
3299,25,14
3300,23,14
3301,33,16
3302,17,20
3303,38*,38
3304,21,16
3305,23,34
3306,21,30
3307,15,22
3308,17,30
3309,21,43
3310,34*,30
3311,11,30
3312,21,14
3313,23,20
3314,17,30
3315,15,20
3316,21,30
3317,15,20
3318,17,38
3319,19,18
3320,17,38
3321,23,34
3322,25,20
3323,19,18
3324,25,20
3325,19,18
3326,19,36
3327,19,18
3328,15,24
3329,17,20
3330,15,24
3331,13,38
3332,19,34
3333,27,18
3334,23,16
3335,25,18
3336,13,16
3337,31,14
3338,19,34
3339,40*,32
3340,40*,16
3341,29,18
3342,21,30
3343,19,32
3344,15,34
3345,19,32
3346,17,39*
3347,15,20
3348,15,34
3349,21,14
3350,29,34
3351,17,18
3352,38*,18
3353,21,14
3354,21,18
3355,19,14
3356,17,14
3357,19,14
3358,21,18
3359,40*,32
3360,21,18
3361,13,18
3362,15,20
3363,13,18
3364,19,28
3365,31,14
3366,17,18
3367,25,24
3368,19,43
3369,23,24
3370,19,43
3371,21,14
3372,17,20
3373,23,24
3374,15,32
3375,19,20
3376,17,16
3377,17,28
3378,17,16
3379,15,14
3380,15,20
3381,17,28
3382,15,20
3383,17,28
3384,15,20
3385,17,28
3386,27,26
3387,15,18
3388,17,43
3389,21,14
3390,15,20
3391,21,14
3392,15,20
3393,21,14
3394,19,28
3395,19,28
3396,15,14
3397,17,16
3398,19,30
3399,19,28
3400,19,30
3401,19,28
3402,19,30
3403,19,28
3404,19,30
3405,17,38
3406,17,20
3407,21,18
3408,17,38
3409,17,20
3410,17,18
3411,17,32
3412,29,18
3413,17,38
3414,29,18
3415,17,38
3416,25,20
3417,23,36
3418,21,43
3419,23,36
3420,15,16
3421,15,32
3422,17,32
3423,19,32
3424,19,32
3425,17,22
3426,23,18
3427,17,24
3428,23,18
3429,21,14
3430,29,18
3431,21,36
3432,11,34
3433,17,30
3434,21,43
3435,15,14
3436,11,20
3437,17,16
3438,11,20
3439,15,22
3440,19,20
3441,17,38
3442,17,32
3443,13,34
3444,27,34
3445,17,32
3446,27,34
3447,17,32
3448,17,20
3449,19,16
3450,17,34
3451,21,14
3452,17,34
3453,37,41*
3454,37,36
3455,15,22
3456,17,18
3457,21,14
3458,15,20
3459,21,14
3460,15,20
3461,17,32
3462,29,20
3463,11,20
3464,23,24
3465,31,20
3466,19,30
3467,21,14
3468,15,24
3469,21,34
3470,17,28
3471,15,36
3472,19,16
3473,15,22
3474,15,43
3475,11,20
3476,19,22
3477,11,20
3478,17,22
3479,17,16
3480,21,20
3481,17,22
3482,19,20
3483,15,22
3484,17,32
3485,27,26
3486,17,32
3487,17,20
3488,17,16
3489,11,36
3490,21,20
3491,15,14
3492,23,24
3493,17,36
3494,25,32
3495,17,38
3496,33,22
3497,11,36
3498,33,22
3499,11,36
3500,31,14
3501,25,20
3502,21,39*
3503,33,16
3504,25,16
3505,21,34
3506,33,22
3507,21,16
3508,19,34
3509,25,20
3510,17,32
3511,25,20
3512,17,32
3513,25,20
3514,21,16
3515,17,16
3516,17,28
3517,21,16
3518,17,28
3519,21,16
3520,19,34
3521,21,16
3522,19,34
3523,21,16
3524,25,34
3525,31,18
3526,21,14
3527,29,16
3528,27,41*
3529,21,34
3530,23,36
3531,17,34
3532,15,20
3533,15,22
3534,19,30
3535,19,28
3536,15,32
3537,21,32
3538,27,41*
3539,21,32
3540,17,18
3541,11,16
3542,25,38
3543,23,16
3544,27,41*
3545,21,20
3546,40*,16
3547,15,20
3548,15,20
3549,17,14
3550,23,28
3551,23,16
3552,17,20
3553,23,20
3554,13,16
3555,23,20
3556,15,34
3557,21,34
3558,15,34
3559,27,22
3560,15,20
3561,17,16
3562,21,20
3563,19,38
3564,15,24
3565,15,34
3566,15,22
3567,15,34
3568,15,22
3569,15,34
3570,15,22
3571,15,34
3572,15,22
3573,15,34
3574,15,22
3575,15,34
3576,15,22
3577,15,34
3578,17,20
3579,11,14
3580,17,20
3581,21,20
3582,34*,12
3583,19,18
3584,15,20
3585,17,14
3586,17,16
3587,17,39*
3588,21,20
3589,17,32
3590,29,30
3591,17,18
3592,29,30
3593,19,16
3594,38*,38
3595,15,28
3596,17,22
3597,15,28
3598,17,22
3599,11,14
3600,17,14
3601,17,20
3602,17,14
3603,17,20
3604,15,34
3605,19,28
3606,21,18
3607,15,28
3608,21,20
3609,17,10
3610,21,18
3611,15,14
3612,17,14
3613,15,14
3614,17,14
3615,25,41*
3616,17,14
3617,23,32
3618,15,20
3619,23,32
3620,17,18
3621,25,30
3622,11,24
3623,25,30
3624,15,41*
3625,15,18
3626,15,41*
3627,15,18
3628,15,22
3629,17,38
3630,38*,18
3631,15,39*
3632,15,28
3633,17,38
3634,15,28
3635,25,22
3636,11,14
3637,15,14
3638,15,32
3639,19,36
3640,21,16
3641,19,36
3642,17,10
3643,15,14
3644,17,10
3645,29,22
3646,25,10
3647,19,16
3648,21,18
3649,17,20
3650,21,18
3651,23,20
3652,19,32
3653,23,20
3654,19,32
3655,21,30
3656,29,20
3657,21,30
3658,15,20
3659,17,22
3660,15,20
3661,21,16
3662,21,16
3663,21,20
3664,19,18
3665,17,20
3666,15,28
3667,17,20
3668,15,28
3669,17,20
3670,17,14
3671,15,14
3672,38*,36
3673,23,20
3674,17,22
3675,15,22
3676,17,10
3677,17,20
3678,29,20
3679,15,24
3680,29,20
3681,19,18
3682,31,18
3683,17,16
3684,17,24
3685,29,20
3686,17,24
3687,29,20
3688,17,24
3689,19,16
3690,17,10
3691,11,43
3692,38*,36
3693,11,43
3694,15,20
3695,19,16
3696,15,20
3697,19,16
3698,11,20
3699,15,24
3700,29,24
3701,25,22
3702,17,20
3703,17,18
3704,17,20
3705,17,18
3706,17,24
3707,15,32
3708,17,20
3709,15,32
3710,25,16
3711,17,20
3712,15,36
3713,21,22
3714,17,20
3715,21,22
3716,17,20
3717,15,20
3718,17,20
3719,31,18
3720,17,20
3721,11,18
3722,15,28
3723,11,18
3724,15,28
3725,11,18
3726,15,28
3727,21,30
3728,19,22
3729,31,18
3730,19,22
3731,31,18
3732,21,18
3733,21,22
3734,38*,36
3735,15,18
3736,19,22
3737,15,18
3738,19,22
3739,19,20
3740,29,24
3741,19,20
3742,11,20
3743,13,16
3744,15,30
3745,13,16
3746,15,30
3747,17,16
3748,29,24
3749,11,24
3750,23,20
3751,15,24
3752,15,20
3753,23,20
3754,19,18
3755,17,14
3756,23,39*
3757,17,16
3758,17,16
3759,13,16
3760,17,16
3761,13,16
3762,11,24
3763,15,18
3764,33,16
3765,21,32
3766,33,16
3767,19,22
3768,17,34
3769,17,32
3770,17,28
3771,21,22
3772,27,20
3773,19,28
3774,15,20
3775,17,22
3776,27,32
3777,17,32
3778,15,20
3779,15,14
3780,23,22
3781,17,14
3782,17,20
3783,15,18
3784,17,20
3785,15,14
3786,21,24
3787,21,20
3788,17,22
3789,21,32
3790,40*,22
3791,19,16
3792,19,34
3793,15,20
3794,19,22
3795,27,36
3796,17,16
3797,17,14
3798,15,22
3799,17,24
3800,17,16
3801,17,24
3802,21,18
3803,17,32
3804,15,10
3805,15,34
3806,15,38
3807,17,16
3808,17,36
3809,15,22
3810,21,24
3811,21,20
3812,11,22
3813,17,20
3814,17,18
3815,23,22
3816,27,16
3817,17,20
3818,27,16
3819,27,41*
3820,15,18
3821,17,22
3822,21,10
3823,25,20
3824,21,18
3825,17,16
3826,19,18
3827,23,20
3828,21,18
3829,17,32
3830,17,35*
3831,17,39*
3832,33,18
3833,19,18
3834,15,20
3835,19,18
3836,19,18
3837,25,34
3838,17,34
3839,17,20
3840,19,10
3841,21,24
3842,21,22
3843,15,22
3844,15,26
3845,17,20
3846,27,18
3847,17,38
3848,27,18
3849,31,36
3850,13,24
3851,17,16
3852,17,28
3853,19,34
3854,23,18
3855,19,26
3856,17,28
3857,11,20
3858,13,24
3859,11,20
3860,13,24
3861,23,28
3862,15,30
3863,23,38
3864,23,18
3865,23,38
3866,23,18
3867,23,38
3868,23,18
3869,19,43
3870,25,16
3871,15,34
3872,17,22
3873,11,16
3874,19,14
3875,17,24
3876,21,28
3877,15,14
3878,21,28
3879,29,20
3880,25,32
3881,17,20
3882,17,28
3883,17,20
3884,17,28
3885,17,20
3886,15,16
3887,25,28
3888,11,20
3889,11,20
3890,17,16
3891,19,18
3892,21,24
3893,17,18
3894,19,22
3895,11,28
3896,11,24
3897,15,28
3898,21,36
3899,15,24
3900,15,16
3901,21,24
3902,11,34
3903,17,34
3904,27,16
3905,15,20
3906,19,34
3907,31,22
3908,21,36
3909,17,18
3910,15,36
3911,15,34
3912,17,24
3913,15,24
3914,17,24
3915,23,22
3916,27,22
3917,17,16
3918,29,24
3919,21,16
3920,13,16
3921,17,28
3922,19,16
3923,15,14
3924,17,28
3925,11,16
3926,17,28
3927,21,16
3928,19,22
3929,21,16
3930,25,28
3931,17,32
3932,27,39*
3933,17,20
3934,21,14
3935,17,20
3936,15,14
3937,21,16
3938,41,14
3939,15,28
3940,11,20
3941,17,14
3942,11,20
3943,17,14
3944,11,20
3945,17,28
3946,21,36
3947,17,41*
3948,41,22
3949,17,41*
3950,19,41*
3951,11,20
3952,13,20
3953,17,28
3954,17,20
3955,21,30
3956,11,20
3957,17,28
3958,17,22
3959,19,22
3960,40*,18
3961,19,34
3962,21,28
3963,17,18
3964,17,34
3965,17,16
3966,15,20
3967,17,32
3968,15,20
3969,25,16
3970,17,18
3971,17,20
3972,40*,18
3973,17,16
3974,29,24
3975,17,16
3976,29,24
3977,21,20
3978,17,14
3979,19,18
3980,19,14
3981,19,28
3982,19,28
3983,17,20
3984,17,24
3985,17,22
3986,11,24
3987,13,32
3988,15,20
3989,21,20
3990,27,26
3991,27,18
3992,15,20
3993,27,18
3994,15,20
3995,17,18
3996,23,18
3997,17,18
3998,15,24
3999,21,14
4000,25,18
4001,17,20
4002,19,38
4003,21,14
4004,15,24
4005,25,16
4006,25,18
4007,17,41*
4008,17,22
4009,17,20
4010,21,30
4011,17,14
4012,17,18
4013,11,16
4014,13,20
4015,11,16
4016,13,20
4017,29,32
4018,11,30
4019,11,16
4020,11,30
4021,17,24
4022,17,26
4023,17,18
4024,17,28
4025,17,34
4026,17,28
4027,17,14
4028,11,16
4029,21,20
4030,17,18
4031,21,20
4032,17,18
4033,21,20
4034,15,28
4035,29,16
4036,21,14
4037,21,18
4038,17,18
4039,17,24
4040,17,34
4041,25,22
4042,17,22
4043,27,16
4044,17,41*
4045,19,18
4046,27,22
4047,15,24
4048,27,22
4049,23,10
4050,25,20
4051,11,28
4052,19,32
4053,21,10
4054,17,20
4055,21,14
4056,23,16
4057,17,34
4058,17,10
4059,17,20
4060,31,22
4061,19,34
4062,17,22
4063,21,16
4064,25,22
4065,19,34
4066,29,18
4067,25,34
4068,21,14
4069,23,20
4070,15,16
4071,15,18
4072,17,20
4073,31,24
4074,23,18
4075,15,22
4076,17,30
4077,27,34
4078,17,16
4079,17,12
4080,21,14
4081,25,36
4082,19,32
4083,15,22
4084,21,14
4085,21,20
4086,21,20
4087,19,38
4088,17,32
4089,15,30
4090,17,20
4091,21,18
4092,11,26
4093,15,22
4094,27,18
4095,21,20
4096,17,18
4097,25,28
4098,27,32
4099,19,18
4100,17,32
4101,17,14
4102,15,30
4103,15,24
4104,11,26
4105,15,24
4106,11,26
4107,17,14
4108,15,18
4109,17,28
4110,21,16
4111,19,18
4112,21,16
4113,17,22
4114,17,32
4115,25,22
4116,31,22
4117,17,14
4118,13,14
4119,17,18
4120,17,20
4121,25,34
4122,25,20
4123,19,32
4124,19,20
4125,13,22
4126,19,18
4127,17,20
4128,19,30
4129,19,18
4130,19,30
4131,19,18
4132,15,16
4133,15,24
4134,21,16
4135,29,16
4136,17,14
4137,17,39*
4138,21,14
4139,15,18
4140,21,10
4141,19,30
4142,38*,18
4143,19,30
4144,17,28
4145,21,14
4146,11,22
4147,19,32
4148,21,22
4149,17,34
4150,15,18
4151,25,34
4152,15,18
4153,17,20
4154,15,16
4155,19,20
4156,17,24
4157,17,20
4158,19,18
4159,19,32
4160,23,36
4161,21,10
4162,15,18
4163,17,36
4164,15,18
4165,25,20
4166,17,14
4167,25,18
4168,21,14
4169,19,28
4170,21,10
4171,17,20
4172,21,32
4173,27,10
4174,21,12
4175,21,10
4176,17,20
4177,21,10
4178,17,32
4179,19,18
4180,11,24
4181,19,18
4182,11,24
4183,19,18
4184,23,22
4185,15,18
4186,17,18
4187,21,16
4188,17,26
4189,27,22
4190,17,10
4191,25,34
4192,17,10
4193,25,34
4194,17,10
4195,21,16
4196,19,18
4197,15,10
4198,15,34
4199,25,20
4200,19,41*
4201,17,16
4202,19,38
4203,17,30
4204,17,18
4205,17,30
4206,15,18
4207,15,26
4208,17,24
4209,13,14
4210,17,14
4211,11,20
4212,17,30
4213,17,30
4214,15,18
4215,27,22
4216,19,22
4217,27,22
4218,17,34
4219,17,28
4220,17,16
4221,17,12
4222,25,20
4223,25,22
4224,17,20
4225,25,16
4226,17,16
4227,17,12
4228,17,16
4229,17,12
4230,17,16
4231,19,18
4232,27,18
4233,17,16
4234,19,18
4235,19,18
4236,17,38
4237,17,28
4238,21,18
4239,15,32
4240,21,18
4241,17,36
4242,17,16
4243,17,20
4244,17,32
4245,33,18
4246,17,32
4247,17,22
4248,29,16
4249,25,18
4250,19,18
4251,17,20
4252,19,18
4253,17,20
4254,17,20
4255,11,16
4256,17,34
4257,19,38
4258,29,18
4259,11,36
4260,19,10
4261,15,20
4262,19,18
4263,27,36
4264,23,18
4265,11,16
4266,11,16
4267,17,16
4268,15,28
4269,27,30
4270,17,18
4271,27,30
4272,17,18
4273,17,18
4274,15,20
4275,19,18
4276,11,20
4277,21,16
4278,17,18
4279,11,20
4280,21,20
4281,17,22
4282,21,20
4283,17,22
4284,17,10
4285,11,20
4286,37,16
4287,11,20
4288,17,16
4289,39,38
4290,40*,20
4291,15,34
4292,15,18
4293,17,38
4294,25,20
4295,23,22
4296,23,18
4297,19,16
4298,17,20
4299,27,32
4300,17,20
4301,11,16
4302,23,16
4303,31,14
4304,17,34
4305,11,16
4306,19,18
4307,15,22
4308,13,34
4309,19,20
4310,17,34
4311,21,43
4312,17,20
4313,21,43
4314,27,12
4315,17,16
4316,27,18
4317,17,16
4318,17,16
4319,27,18
4320,31,34
4321,17,34
4322,25,24
4323,21,18
4324,15,16
4325,29,16
4326,19,16
4327,17,22
4328,11,16
4329,17,10
4330,19,18
4331,17,16
4332,17,18
4333,15,28
4334,41,43
4335,19,34
4336,17,26
4337,19,18
4338,17,34
4339,37,20
4340,17,20
4341,21,16
4342,15,18
4343,17,34
4344,15,16
4345,38*,38
4346,17,32
4347,19,24
4348,15,22
4349,13,20
4350,21,26
4351,19,22
4352,19,20
4353,17,24
4354,17,20
4355,15,34
4356,19,18
4357,15,22
4358,21,32
4359,17,34
4360,21,28
4361,17,26
4362,11,16
4363,17,16
4364,23,16
4365,27,10
4366,15,28
4367,15,20
4368,23,20
4369,21,16
4370,19,22
4371,15,28
4372,27,34
4373,17,18
4374,11,16
4375,17,20
4376,21,18
4377,17,18
4378,23,20
4379,13,18
4380,15,18
4381,19,18
4382,17,20
4383,15,22
4384,21,22
4385,17,22
4386,17,18
4387,23,22
4388,17,34
4389,17,36
4390,21,22
4391,17,36
4392,19,38
4393,15,14
4394,17,16
4395,21,18
4396,19,18
4397,21,20
4398,15,34
4399,27,22
4400,21,16
4401,21,34
4402,11,16
4403,15,18
4404,21,18
4405,15,18
4406,15,34
4407,23,34
4408,21,38
4409,25,34
4410,29,34
4411,19,10
4412,23,22
4413,17,22
4414,17,34
4415,23,32
4416,17,28
4417,17,36
4418,15,18
4419,21,26
4420,23,34
4421,17,12
4422,17,20
4423,15,34
4424,17,30
4425,27,36
4426,15,16
4427,21,43
4428,15,16
4429,15,16
4430,15,34
4431,17,20
4432,17,24
4433,37,18
4434,27,20
4435,17,34
4436,15,22
4437,21,10
4438,17,18
4439,21,34
4440,19,20
4441,27,18
4442,27,28
4443,23,32
4444,15,20
4445,11,10
4446,11,18
4447,27,20
4448,17,34
4449,21,28
4450,19,22
4451,17,16
4452,17,22
4453,25,30
4454,25,22
4455,19,18
4456,17,34
4457,19,32
4458,27,38
4459,17,34
4460,29,34
4461,21,16
4462,19,34
4463,17,28
4464,21,18
4465,29,20
4466,17,20
4467,17,22
4468,17,18
4469,21,32
4470,17,20
4471,21,22
4472,27,34
4473,15,22
4474,23,16
4475,23,34
4476,21,16
4477,17,34
4478,21,16
4479,17,14
4480,13,24
4481,19,22
4482,29,20
4483,17,30
4484,15,16
4485,17,16
4486,15,22
4487,17,28
4488,23,16
4489,25,16
4490,39,20
4491,17,20
4492,41,36
4493,17,18
4494,15,20
4495,19,22
4496,19,28
4497,15,30
4498,17,18
4499,13,10
4500,17,36
4501,23,40
4502,17,18
4503,15,18
4504,17,18
4505,21,32
4506,17,22
4507,23,20
4508,17,16
4509,21,18
4510,15,14
4511,19,39*
4512,15,18
4513,29,18
4514,15,20
4515,21,36
4516,17,34
4517,25,34
4518,17,22
4519,21,10
4520,23,20
4521,17,16
4522,19,24
4523,19,16
4524,13,18
4525,19,22
4526,21,30
4527,25,20
4528,23,22
4529,21,20
4530,17,16
4531,15,38
4532,17,18
4533,17,39*
4534,15,32
4535,11,18
4536,39,16
4537,33,20
4538,23,22
4539,17,16
4540,13,30
4541,17,28
4542,25,20
4543,15,16
4544,21,10
4545,9,8
4546,11,10
4547,17,24
4548,19,30
4549,21,18
4550,17,16
4551,19,20
4552,11,16
4553,23,34
4554,17,18
4555,17,18
4556,15,22
4557,15,36
4558,13,24
4559,23,20
4560,15,16
4561,19,20
4562,19,34
4563,29,18
4564,21,16
4565,19,20
4566,15,24
4567,23,36
4568,15,22
4569,11,20
4570,17,34
4571,11,26
4572,15,16
4573,27,34
4574,15,20
4575,17,16
4576,27,16
4577,15,14
4578,17,16
4579,15,20
4580,17,20
4581,17,22
4582,17,16
4583,17,20
4584,11,24
4585,21,34
4586,19,34
4587,15,16
4588,17,36
4589,17,16
4590,21,22
4591,27,24
4592,17,22
4593,17,16
4594,17,22
4595,19,14
4596,19,22
4597,17,16
4598,15,32
4599,21,16
4600,19,16
4601,11,32
4602,11,20
4603,17,30
4604,27,20
4605,21,36
4606,17,22
4607,23,16
4608,11,30
4609,15,10
4610,21,34
4611,17,20
4612,11,16
4613,15,16
4614,19,22
4615,19,26
4616,21,32
4617,21,34
4618,38*,43
4619,17,30
4620,17,20
4621,27,22
4622,17,20
4623,15,16
4624,17,34
4625,15,16
4626,29,34
4627,19,34
4628,17,16
4629,17,34
4630,15,32
4631,17,20
4632,15,20
4633,11,16
4634,19,20
4635,17,34
4636,11,20
4637,23,30
4638,15,20
4639,23,30
4640,15,20
4641,17,30
4642,21,34
4643,21,34
4644,21,36
4645,23,16
4646,17,18
4647,17,26
4648,19,30
4649,17,36
4650,17,18
4651,15,43
4652,17,30
4653,15,16
4654,17,20
4655,17,34
4656,17,18
4657,17,20
4658,39,18
4659,17,20
4660,17,34
4661,17,16
4662,17,28
4663,17,30
4664,17,36
4665,17,32
4666,41,28
4667,15,24
4668,17,30
4669,19,18
4670,11,26
4671,21,22
4672,17,20
4673,15,32
4674,17,18
4675,11,16
4676,17,18
4677,11,28
4678,13,36
4679,17,22
4680,23,20
4681,11,10
4682,17,37*
4683,23,36
4684,17,16
4685,17,16
4686,23,34
4687,25,20
4688,17,34
4689,15,16
4690,15,20
4691,21,12
4692,27,36
4693,23,22
4694,19,28
4695,13,24
4696,21,16
4697,15,34
4698,29,18
4699,27,20
4700,29,18
4701,21,26
4702,23,34
4703,27,20
4704,23,34
4705,15,22
4706,15,32
4707,15,10
4708,15,18
4709,27,20
4710,15,12
4711,13,20
4712,19,18
4713,17,24
4714,21,20
4715,15,28
4716,17,32
4717,23,16
4718,25,34
4719,25,10
4720,17,20
4721,19,18
4722,39,38
4723,11,30
4724,25,22
4725,25,24
4726,19,16
4727,25,20
4728,23,16
4729,15,20
4730,27,20
4731,21,26
4732,17,24
4733,19,18
4734,15,20
4735,15,20
4736,11,14
4737,31,34
4738,15,20
4739,21,36
4740,11,16
4741,19,20
4742,15,16
4743,13,24
4744,17,20
4745,13,24
4746,27,34
4747,23,26
4748,17,38
4749,17,30
4750,29,16
4751,15,32
4752,17,30
4753,19,22
4754,31,10
4755,29,37*
4756,17,10
4757,17,18
4758,15,20
4759,25,20
4760,17,20
4761,21,36
4762,19,22
4763,17,20
4764,11,12
4765,17,18
4766,25,16
4767,17,34
4768,23,18
4769,19,18
4770,27,22
4771,17,14
4772,19,30
4773,13,20
4774,17,16
4775,15,22
4776,23,34
4777,21,20
4778,25,22
4779,17,24
4780,11,22
4781,11,16
4782,21,36
4783,19,30
4784,21,34
4785,19,32
4786,15,34
4787,27,18
4788,13,18
4789,17,38
4790,19,32
4791,25,20
4792,17,34
4793,17,34
4794,21,16
4795,17,16
4796,21,22
4797,21,26
4798,27,36
4799,17,32
4800,25,24
4801,17,22
4802,11,43
4803,21,20
4804,17,32
4805,17,20
4806,21,18
4807,25,26
4808,17,18
4809,15,36
4810,17,18
4811,23,22
4812,19,22
4813,15,36
4814,23,30
4815,21,34
4816,17,20
4817,21,34
4818,19,30
4819,17,18
4820,25,26
4821,11,16
4822,15,34
4823,19,20
4824,19,38
4825,17,20
4826,15,22
4827,17,36
4828,21,34
4829,15,18
4830,19,18
4831,11,20
4832,17,32
4833,17,18
4834,17,34
4835,17,36
4836,21,16
4837,15,24
4838,21,12
4839,15,30
4840,23,28
4841,17,43
4842,17,20
4843,13,34
4844,21,18
4845,27,24
4846,17,18
4847,27,24
4848,17,20
4849,21,32
4850,19,22
4851,17,20
4852,21,22
4853,21,18
4854,17,30
4855,19,38
4856,15,30
4857,19,16
4858,17,16
4859,19,16
4860,19,32
4861,17,30
4862,17,32
4863,17,36
4864,21,34
4865,23,18
4866,23,32
4867,13,18
4868,25,43
4869,17,18
4870,11,20
4871,21,18
4872,15,20
4873,15,20
4874,11,18
4875,23,20
4876,17,22
4877,25,18
4878,13,20
4879,17,18
4880,21,38
4881,17,34
4882,17,38
4883,25,28
4884,23,16
4885,17,43
4886,17,34
4887,23,16
4888,15,18
4889,21,38
4890,17,18
4891,17,20
4892,15,36
4893,17,14
4894,23,28
4895,15,18
4896,21,34
4897,11,34
4898,17,24
4899,17,20
4900,15,22
4901,17,30
4902,17,18
4903,17,22
4904,19,30
4905,17,34
4906,21,20
4907,19,28
4908,27,20
4909,23,34
4910,23,28
4911,19,20
4912,25,20
4913,19,34
4914,11,20
4915,15,20
4916,25,38
4917,25,20
4918,17,18
4919,17,34
4920,17,36
4921,15,18
4922,17,16
4923,15,41*
4924,15,32
4925,21,22
4926,21,20
4927,17,18
4928,21,22
4929,17,16
4930,21,34
4931,25,20
4932,19,24
4933,17,18
4934,25,32
4935,17,18
4936,21,22
4937,17,22
4938,19,20
4939,17,30
4940,17,18
4941,15,14
4942,25,26
4943,17,16
4944,17,24
4945,15,20
4946,15,28
4947,17,38
4948,11,16
4949,11,26
4950,15,22
4951,17,16
4952,19,32
4953,17,16
4954,17,16
4955,17,20
4956,17,16
4957,19,18
4958,17,16
4959,17,34
4960,21,22
4961,23,18
4962,17,26
4963,17,43
4964,17,26
4965,25,20
4966,19,30
4967,17,18
4968,15,18
4969,35,20
4970,17,38
4971,11,22
4972,17,36
4973,15,43
4974,17,22
4975,15,16
4976,13,34
4977,15,26
4978,11,20
4979,21,20
4980,15,20
4981,25,32
4982,17,26
4983,27,34
4984,17,41*
4985,25,20
4986,25,20
4987,17,22
4988,13,36
4989,21,20
4990,21,14
4991,27,28
4992,27,22
4993,17,43
4994,13,30
4995,19,14
4996,17,20
4997,23,18
4998,15,36
4999,15,16
5000,15,14
5001,15,18
5002,23,38
5003,17,18
5004,25,32
5005,17,20
5006,17,18
5007,17,32
5008,15,18
5009,25,26
5010,15,24
5011,17,18
5012,17,24
5013,17,32
5014,17,36
5015,19,18
5016,25,16
5017,17,20
5018,15,32
5019,23,18
5020,17,20
5021,23,28
5022,17,18
5023,13,20
5024,15,20
5025,15,26
5026,23,34
5027,21,22
5028,17,18
5029,15,18
5030,15,16
5031,21,38
5032,21,20
5033,21,20
5034,21,34
5035,17,16
5036,17,20
5037,13,20
5038,19,32
5039,21,22
5040,19,36
5041,13,32
5042,11,16
5043,15,14
5044,11,16
5045,17,36
5046,11,30
5047,15,22
5048,38*,26
5049,17,32
5050,17,20
5051,21,22
5052,13,16
5053,17,32
5054,15,20
5055,15,10
5056,21,18
5057,15,36
5058,15,28
5059,23,24
5060,11,16
5061,21,14
5062,21,38
5063,31,28
5064,19,14
5065,27,18
5066,23,26
5067,13,34
5068,21,36
5069,19,43
5070,25,20
5071,17,43
5072,11,34
5073,25,24
5074,17,18
5075,17,12
5076,15,34
5077,21,22
5078,17,34
5079,25,22
5080,19,20
5081,19,16
5082,13,18
5083,25,14
5084,21,16
5085,19,20
5086,13,14
5087,11,14
5088,15,32
5089,15,16
5090,27,14
5091,15,22
5092,27,14
5093,17,32
5094,21,14
5095,21,18
5096,17,34
5097,11,16
5098,17,18
5099,15,16
5100,15,22
5101,13,8
5102,17,18
5103,17,36
5104,17,24
5105,15,16
5106,17,18
5107,15,16
5108,17,14
5109,19,34
5110,15,18
5111,27,24
5112,13,20
5113,25,22
5114,23,41*
5115,11,24
5116,37,14
5117,19,26
5118,15,38
5119,17,34
5120,29,20
5121,17,26
5122,29,14
5123,13,20
5124,15,18
5125,17,22
5126,17,18
5127,11,30
5128,11,36
5129,13,18
5130,17,18
5131,17,22
5132,19,36
5133,15,38
5134,11,20
5135,21,14
5136,27,34
5137,17,14
5138,17,35*
5139,23,16
5140,23,36
5141,17,20
5142,17,16
5143,15,41*
5144,11,36
5145,15,36
5146,13,20
5147,17,18
5148,17,28
5149,17,36
5150,17,16
5151,29,32
5152,15,26
5153,33,26
5154,21,36
5155,15,22
5156,19,30
5157,19,32
5158,15,22
5159,13,34
5160,27,34
5161,19,22
5162,21,10
5163,17,12
5164,17,16
5165,19,36
5166,17,34
5167,21,20
5168,15,16
5169,31,22
5170,15,20
5171,17,32
5172,21,24
5173,11,16
5174,11,36
5175,17,38
5176,19,20
5177,17,18
5178,15,20
5179,19,28
5180,17,18
5181,33,20
5182,19,18
5183,15,39*
5184,15,18
5185,17,20
5186,11,22
5187,17,16
5188,21,22
5189,21,20
5190,15,20
5191,27,30
5192,15,34
5193,11,26
5194,17,14
5195,27,20
5196,23,18
5197,17,20
5198,15,10
5199,19,24
5200,31,10
5201,29,36
5202,21,10
5203,13,34
5204,13,30
5205,25,34
5206,15,26
5207,13,8
5208,15,26
5209,13,34
5210,17,14
5211,13,32
5212,27,22
5213,19,24
5214,13,30
5215,19,28
5216,13,36
5217,17,10
5218,17,20
5219,21,18
5220,17,34
5221,23,16
5222,19,43
5223,33,16
5224,15,10
5225,17,10
5226,19,18
5227,21,18
5228,19,20
5229,21,16
5230,13,30
5231,15,20
5232,27,20
5233,17,20
5234,25,22
5235,19,20
5236,29,36
5237,19,36
5238,15,20
5239,25,36
5240,25,41*
5241,15,8
5242,11,16
5243,17,16
5244,17,18
5245,15,38
5246,23,36
5247,15,30
5248,17,22
5249,17,24
5250,17,22
5251,17,24
5252,15,22
5253,31,16
5254,13,18
5255,15,14
5256,13,18
5257,15,20
5258,15,26
5259,15,10
5260,17,20
5261,17,32
5262,13,30
5263,25,10
5264,13,30
5265,17,20
5266,11,34
5267,17,20
5268,13,43
5269,23,14
5270,37,34
5271,23,18
5272,21,20
5273,27,24
5274,13,18
5275,15,30
5276,17,36
5277,17,38
5278,17,30
5279,15,28
5280,17,32
5281,25,18
5282,19,22
5283,15,14
5284,21,18
5285,17,18
5286,19,30
5287,21,18
5288,19,20
5289,13,30
5290,13,18
5291,15,14
5292,19,20
5293,19,20
5294,25,22
5295,15,38
5296,15,18
5297,17,10
5298,15,18
5299,15,14
5300,23,41*
5301,25,18
5302,11,22
5303,21,43
5304,11,20
5305,19,16
5306,21,18
5307,15,28
5308,15,14
5309,15,38
5310,17,20
5311,19,32
5312,27,22
5313,19,30
5314,15,10
5315,17,20
5316,31,30
5317,15,30
5318,17,26
5319,37,14
5320,15,14
5321,11,30
5322,15,14
5323,19,34
5324,15,41*
5325,15,10
5326,15,18
5327,19,22
5328,19,32
5329,19,16
5330,29,20
5331,15,14
5332,25,30
5333,17,20
5334,23,36
5335,15,38
5336,21,20
5337,15,22
5338,27,22
5339,31,14
5340,15,18
5341,13,24
5342,17,34
5343,23,8
5344,15,14
5345,23,14
5346,17,36
5347,15,14
5348,27,20
5349,41,10
5350,19,28
5351,15,14
5352,27,26
5353,15,26
5354,15,18
5355,15,22
5356,25,34
5357,15,18
5358,15,18
5359,13,16
5360,17,38
5361,17,34
5362,25,16
5363,21,14
5364,27,20
5365,23,30
5366,13,30
5367,13,30
5368,17,20
5369,15,14
5370,11,30
5371,15,18
5372,23,30
5373,13,22
5374,13,36
5375,17,16
5376,23,30
5377,25,22
5378,25,14
5379,19,30
5380,15,22
5381,33,10
5382,13,22
5383,17,14
5384,15,10
5385,17,16
5386,17,22
5387,13,16
5388,15,26
5389,15,14
5390,15,41*
5391,21,16
5392,27,18
5393,21,30
5394,15,14
5395,19,28
5396,15,36
5397,21,22
5398,19,28
5399,31,30
5400,15,18
5401,31,20
5402,15,32
5403,15,14
5404,21,20
5405,27,30
5406,15,30
5407,17,20
5408,11,18
5409,17,20
5410,29,38
5411,27,30
5412,11,28
5413,21,38
5414,17,20
5415,17,20
5416,13,10
5417,21,22
5418,15,14
5419,13,28
5420,15,26
5421,13,30
5422,17,30
5423,15,43
5424,15,16
5425,37,22
5426,21,36
5427,21,20
5428,29,22
5429,11,20
5430,25,36
5431,19,32
5432,17,34
5433,27,36
5434,23,14
5435,17,30
5436,13,36
5437,23,22
5438,13,16
5439,17,36
5440,17,22
5441,15,10
5442,21,14
5443,15,14
5444,15,36
5445,21,18
5446,23,22
5447,33,20
5448,15,10
5449,15,14
5450,15,43
5451,19,16
5452,15,12
5453,13,30
5454,19,36
5455,31,18
5456,13,34
5457,17,41*
5458,15,18
5459,15,22
5460,37,36
5461,17,20
5462,17,41*
5463,17,36
5464,15,22
5465,15,18
5466,15,41*
5467,25,16
5468,29,38
5469,17,16
5470,21,18
5471,27,30
5472,19,38
5473,29,43
5474,21,30
5475,15,10
5476,17,36
5477,17,36
5478,17,38
5479,17,38
5480,23,22
5481,27,41*
5482,15,32
5483,23,43
5484,21,10
5485,17,20
5486,27,28
5487,17,14
5488,13,38
5489,29,41*
5490,15,30
5491,15,14
5492,13,24
5493,21,16
5494,31,16
5495,15,14
5496,19,22
5497,19,14
5498,17,14
5499,19,20
5500,15,10
5501,13,14
5502,31,18
5503,17,41*
5504,21,30
5505,15,38
5506,21,22
5507,21,14
5508,17,20
5509,15,20
5510,15,36
5511,15,16
5512,21,30
5513,15,36
5514,27,26
5515,19,22
5516,17,28
5517,15,18
5518,15,22
5519,15,41*
5520,27,20
5521,27,20
Time elapsed: 4720098,,
Parameters used:,,
popSize = 100,,
keepNBest = 50,,
mutationRate = 0.7,,
crossoverRate = 0.6,,
maxMutation = 0.2,,
roundRobin = false,,